"Priority","University","Location","Programme","Duration","Language","Degree eligibility for your background","Tuition for non-EU applicants","Other costs","Fee reference","Next application window","Portfolio requirements","What still needs confirmation","Official programme / admission sources","Official fee source","Checked on"
"First priority","Trier University of Applied Sciences","Idar-Oberstein, Germany","MFA Gemstones and Jewellery","2 years; possible 1–2 workshop semesters before MFA","English; interview assesses proficiency","Explicitly accepts any bachelor's degree recognised in Germany; artistic entrance examination required","No tuition for the regular MFA","First semester €265.80; later €242.80; workshop consumables €90/semester; foreign qualification assessment €100; personal materials extra","Current page / winter 2026–27","1 November 2026 for summer semester 2027; 1 May 2027 for winter semester (recurring deadlines)","Up to 15 projects; PDF up to 15 MB; title/year/materials, index, signed authorship declaration; application also requires project proposal and motivation. AI-generated application material prohibited.","Degree recognition; whether workshop preparation is needed; APS if degree obtained in India; exact semester start","https://www.hochschule-trier.de/en/gestaltung/es/study/courses/master | https://www.hochschule-trier.de/en/campus-for-design-and-art/dept-of-gemstones-and-jewellery/study/apply/faq | https://www.hochschule-trier.de/en/gestaltung/es/study/apply/master-gemstones-and-jewellery-mfa | https://www.hochschule-trier.de/en/gestaltung/es/study/apply/master-gemstones-and-jewellery-mfa/how-to-portfolio","https://www.hochschule-trier.de/en/gestaltung/dept-of-gemstones-and-jewellery/landingpages/semesterfee-io","2026-10-01"
"First priority","HFBK Hamburg","Hamburg, Germany","MFA Fine Arts — Painting/Drawing or another specialisation","2 years","No German certificate required; German strongly recommended; not verified as fully English-taught","University degree normally 240 ECTS; applicants with 180 ECTS encouraged to document at least one year of artistic practice, cultural work, internships or previous studies; exceptional artistic achievements may count for 60 ECTS","No tuition","€389 semester contribution","Winter 2026–27","4 February–5 March 2027, 16:00 deadline; winter intake","Works from past two years plus artistic project proposal of 3–5 A4 pages, CV and education documents; external website links are not considered","Recognition/credit equivalence of your bachelor; evidence of artistic practice; workable teaching language with A1 German","https://hfbk-hamburg.de/en/information/prospective-students/apply/application-master-fine-arts | https://hfbk-hamburg.de/en/study/study-programs/master-s-program-in-fine-arts","https://hfbk-hamburg.de/en/information/studierenden-service/semester-contributions-and-fees","2026-10-01"
"First priority","Estonian Academy of Arts (EKA)","Tallinn, Estonia","MA Craft Studies","2 years / 120 ECTS","English B2; IELTS 5.5 overall and each component; certificate validity 2 years","Published entry criterion is a bachelor's degree; no art-major restriction stated; foreign qualification recognition and artistic assessment required","€3,000/year","€80 application fee; materials and living costs extra","2026–27; 2027–28 not yet confirmed","Opens 1 February 2027; closes early March 2027, exact date not yet announced","Up to 10 projects; PDF up to 40 MB; questionnaire and CV","Home Science qualification recognition; choose one main craft practice; 2027 deadline and fee","https://www.artun.ee/en/curricula/craft-studies/overview/ | https://www.artun.ee/en/admissions/masters/ | https://www.artun.ee/en/admissions/masters/language-skills/","https://www.artun.ee/en/admissions/masters/admission-fee/","2026-10-01"
"First priority","Estonian Academy of Arts (EKA)","Tallinn, Estonia","MA Contemporary Art","2 years / 120 ECTS","English B2; IELTS 5.5 overall and each component; certificate validity 2 years","Published bachelor's requirement; emerging artists from different backgrounds with active artistic practice; qualification recognition required","€3,000/year for non-EU fee category","€80 application fee; materials and living costs extra","2026–27; 2027–28 not yet confirmed","Opens 1 February 2027; closes early March 2027, exact date not yet announced","At least 8 works or 5 substantial projects; PDF up to 20 MB; questionnaire","Foreign degree recognition; evidence of active artistic practice; 2027 fee and exact deadline","https://www.artun.ee/en/curricula/contemporary-art/contemporary-art/ | https://www.artun.ee/en/admissions/masters/","https://www.artun.ee/en/admissions/masters/admission-fee/","2026-10-01"
"First priority","University of Applied Arts Vienna (Die Angewandte)","Vienna, Austria","MA Art & Science","2 years / 120 ECTS","English; department does not require a language certificate","Accepts degrees across art, design, architecture, engineering, humanities and natural/cultural/social sciences; Home Science classification needs review","€726.72/semester","€26.20/semester student union; total currently €752.92/semester; some nationality-based waiver applications possible","Current fee page","Portfolio 7–21 January 2027, 13:00 CET; tasks 22–23 February; interview 26 February; starts October 2027","Artistic and/or scientific portfolio; PDF up to 50 MB or website/shared-drive link; motivation and CV","Whether your degree falls within accepted fields; fit with interdisciplinary research rather than only technical craft training; fee-waiver eligibility","https://www.dieangewandte.at/art_and_science_en | https://www.dieangewandte.at/programmes | https://artscience.uni-ak.ac.at/art__science/admissions_procedure","https://www.dieangewandte.at/financial_issues","2026-10-01"
"Check eligibility / language","University of Arts Linz","Linz, Austria","MA textile.art.design","2 years","German / English; English-only completion not confirmed","Equivalent relevant bachelor's/six-semester qualification required; textile/interior credits may help but need transcript assessment","€726.72/semester","Student union fee and materials extra","Current fee page","2027 dates not yet published in sources checked","Portfolio and interview; ideas, material experiments and process documentation valued","Related-degree equivalence; exact language requirement and whether English-only completion is possible","https://www.kunstuni-linz.at/en/studies/degree-programmes/textileartdesign/master-programme | https://www.kunstuni-linz.at/en/studies/degree-programmes/textileartdesign/master-programme/registration-and-admission","https://www.kunstuni-linz.at/en/studies/study-admission/tuition-fee","2026-10-01"
"Check eligibility / language","University of Arts Linz","Linz, Austria","MA Fashion & Technology","2 years","English B2 route confirmed by curriculum","Bachelor of at least six semesters in an artistic or technical discipline; Home Science acceptance is unconfirmed","€726.72/semester","Student union fee and materials extra","Current fee page","2027 dates not yet published in sources checked","Portfolio and artistic entrance assessment; consult current application instructions","Whether degree content qualifies as an artistic/technical discipline; fit with experimental fashion rather than traditional embroidery alone","https://www.kunstuni-linz.at/en/university/organisational-structure-1/institutes/space-and-design/fashion-technology-1/master | https://www.kunstuni-linz.at/en/university/organisational-structure-1/institutes/space-and-design/fashion-technology-1/apply-now | https://www.kunstuni-linz.at/fileadmin/media/institute/design/fashion_technology/FAT_MA-Curriculum_02JUN21_EN.pdf","https://www.kunstuni-linz.at/en/studies/study-admission/tuition-fee","2026-10-01"
"Check total cost","Zurich University of the Arts (ZHdK)","Zurich, Switzerland","MA Fine Arts","2 years","English B2","Bachelor or equivalent plus artistic assessment; published general regulations do not explicitly limit entry to art-major degrees","CHF1,220/semester for foreign entrants","CHF35/semester sports; optional CHF32 student union; university's full study/living budget CHF2,125–2,301/month","Current fee page / 2026 budget","2027 schedule expected mid-November 2026; do not reuse February 2026 deadline","Portfolio up to 20 A4 pages / 10 MB; proposal up to 2 pages; interview","Foreign-degree equivalence; 2027 dates; affordable housing and total budget","https://www.zhdk.ch/en/degree-programmes/fine-arts/master-fine-arts | https://www.zhdk.ch/en/degree-programmes/finearts/master-fine-arts/registration-fine-arts-ma-2872","https://www.zhdk.ch/en/degree-programmes/tuition-fees | https://www.zhdk.ch/file/live/7e/7eaf2ac61282105463472a8b804fd53eb6fd74f6/mb_studien_und_lebenskosten_en_2026.pdf","2026-10-01"
"Check eligibility / language","Bauhaus-Universität Weimar","Weimar, Germany","MFA Media Art and Design","Normally 2 semesters with 240 ECTS; 180-ECTS entrants add 2 semesters; confirm individual duration","English C1 / IELTS 7.0 plus German A2","Relevant prior degree assessed by committee; Home Science is not automatically relevant","No tuition","Semester contribution; amount not verified","Current programme page","Annual 31 March deadline; confirm 2027 call","Artistic aptitude assessment and portfolio; see current call","Relevant-degree equivalence; German A2; stronger digital/media practice; duration wording on page is inconsistent","https://www.uni-weimar.de/en/art-and-design/studies/media-art-and-design/","https://www.uni-weimar.de/en/art-and-design/studies/media-art-and-design/","2026-10-01"
"Higher tuition","UMPRUM","Prague, Czechia","MA Visual Arts (English programme)","2 years","English B2; confirm accepted IELTS threshold","BA/BFA/MA/MFA applicants; studio-specific artistic assessment; no guarantee of Home Science acceptance","CZK89,000/semester; CZK178,000/year","Living costs and materials extra","Current fee page","1 February–31 March 2027","At least 10 examples; motivation/intent, recommendation, English evidence","Which jewellery/textile/painting studios accept English MA applicants in 2027; degree acceptance; IELTS page wording is inconsistent","https://www.umprum.cz/en/web/applicant/ma-program-in-english | https://www.umprum.cz/en/web/applicant/ma-program-in-english/apply-for-ma-program-in-english","https://www.umprum.cz/en/web/applicant/ma-program-in-english/fees-and-funding","2026-10-01"
"Higher tuition","Eugeniusz Geppert Academy of Art and Design","Wrocław, Poland","MFA Visual Arts","2 years","English","Art/design bachelor or equivalent expected; Home Science equivalence uncertain","€6,900/year","€35 application fee; tuition paid upfront under current instructions","2026–27","2027 dates not published; 25 September 2026 round has passed","Portfolio and selection assessment; see recruitment page","Art/design equivalence; qualification recognition; new intake and fees","https://www.asp.wroc.pl/en/study-offer/mfa-visual-arts | https://www.asp.wroc.pl/en/study-offer/mfa-visual-arts/mfa-visual-arts-recruitment","https://www.asp.wroc.pl/en/study-offer/mfa-visual-arts/mfa-visual-arts-recruitment","2026-10-01"
"Higher tuition","Vilnius Academy of Arts","Vilnius, Lithuania","MA Textile Art and Design","2 years / 120 ECTS","English offered; B2 / IELTS 5.5 in general admissions","Bachelor's qualification, transcript and portfolio; programme-specific Home Science equivalence unconfirmed","€7,116/year","€100 application fee; living and materials extra","2026–27","2027 applications expected December 2026; deadline not announced","15–25 works; website or PDF allowed; proposed master's project","Related-degree assessment; 2027 tuition and dates","https://www.vda.lt/en/study_programs/graduate-ma/textile-art-and-design-lt-en | https://www.vda.lt/en/admission/how-to-apply","https://www.vda.lt/en/admission/tuition-fees","2026-10-01"
"Higher tuition","Vilnius Academy of Arts","Vilnius, Lithuania","MA Painting","2 years / 120 ECTS","English offered; B2 / IELTS 5.5 in general admissions","Bachelor's qualification, transcript and portfolio; programme-specific Home Science equivalence unconfirmed","€7,116/year","€100 application fee; living and materials extra","2026–27","2027 applications expected December 2026; deadline not announced","15–25 works; website or PDF allowed; proposed master's project","Related-degree assessment; 2027 tuition and dates","https://www.vda.lt/en/study_programs/graduate-ma/painting-lt-en-1 | https://www.vda.lt/en/admission/how-to-apply","https://www.vda.lt/en/admission/tuition-fees","2026-10-01"
"Higher tuition","Vilnius Academy of Arts","Telšiai, Lithuania","MA Applied Arts — contemporary jewellery / metal option","2 years / 120 ECTS","English offered; B2 / IELTS 5.5 in general admissions","Bachelor's qualification, transcript and portfolio; programme-specific Home Science equivalence unconfirmed","€7,116/year","€100 application fee; living and materials extra","2026–27","2027 applications expected December 2026; deadline not announced","15–25 works; website or PDF allowed; proposed master's project","Related-degree assessment; workshop specialism; 2027 tuition and dates","https://www.vda.lt/en/study_programs/graduate-ma/applied-arts-lt-en | https://www.vda.lt/en/admission/how-to-apply","https://www.vda.lt/en/admission/tuition-fees","2026-10-01"
"Fee unresolved","Hanze / Minerva Art Academy","Groningen, Netherlands","MA Fine Art and Design — Materials in Artistic Practices (MAPs)","2 years","English; IELTS 6.0 with subscore requirements","Art/media/design/related bachelor, or bachelor-level ability with substantial artistic experience","Non-EU institutional fee not verified; do not use the statutory EU fee as your estimate","Fee calculator depends on personal eligibility","2027 fee unresolved","2027 dates not published in pages checked","Portfolio, statement and assessment; consult current programme page","Exact international tuition; prior-degree or experience equivalence; IELTS component scores","https://www.hanze.nl/en/programmes/full-time/master/fine-art-and-design-materials-in-artistic-practices","https://www.hanze.nl/en/studychoice/studying-at-hanze/tuition-fees","2026-10-01"
"Language / degree obstacle","Wismar University of Applied Sciences","Wismar, Germany","MA Material Culture Design","3 semesters with 210 ECTS or 4 with 180 ECTS","German-taught","Relevant product/jewellery design degree expected; Home Science equivalence unconfirmed","Exact current charges not verified","Semester charges and materials require confirmation","Unverified","2027 dates not verified","Artistic portfolio and relevant degree assessment","German requirement; relevant-degree eligibility; fees and dates","https://fg.hs-wismar.de/en/studies/study-courses/design/master/","","2026-10-01"
"Language / degree obstacle","University of Seville","Seville, Spain","Máster Universitario en Arte: Idea y Producción","1 year / 60 ECTS","Spanish; exact required level not verified","Prioritises Fine Arts; related degrees considered; Home Science unconfirmed","Programme page lists €13.68/ECTS, €820.80 total; applicability to your fee category needs confirmation","Administrative and materials costs extra; do not assume advertised discounts apply","Current displayed price; applicant-specific rate unresolved","2027 dates not verified","Artistic background and research/creation proposal; check current call","Spanish proficiency; degree relevance; non-EU fee application","https://www.us.es/estudiar/que-estudiar/oferta-de-masteres/master-universitario-en-arte-idea-y-produccion","https://www.us.es/estudiar/que-estudiar/oferta-de-masteres/master-universitario-en-arte-idea-y-produccion","2026-10-01"
"Language / fee obstacle","University of Porto, Faculty of Fine Arts","Porto, Portugal","Master in Fine Arts — Drawing / Sculpture / Intermedia / Painting","2 years","Portuguese","Welcomes varied backgrounds; foreign-degree and artistic assessment required","Page lists €3,500/year international tuition for 2024–25 ONLY; current rate unverified","Living costs and materials extra","Outdated 2024–25 fee; reconfirm before budgeting","2027 dates not verified","Portfolio and study proposal; see programme instructions","Portuguese; current fee; recognition and selection","https://www.up.pt/fbaup/en/study/masters/training-offer/fbaup/12881/","https://www.up.pt/fbaup/en/study/masters/training-offer/fbaup/12881/","2026-10-01"
"Longer route / language obstacle","Beaux-Arts de Paris","Paris, France","Admission during course of study / DNSAP pathway","Entry year assigned by jury; not guaranteed direct entry to a 2-year master's","French B2","At least 2 completed years / 120 ECTS of higher education in any field; non-European comparability assessed","Current fee not verified","Paris living costs must be budgeted separately","Unverified","2027 dates not verified","Portfolio and entrance assessment; jury determines placement","French B2; qualification comparability; entry year and total remaining duration; fees","https://beauxartsparis.fr/admission/entree-encours-etude","","2026-10-01"
"Scholarship dependent / high fee","University of Gothenburg, HDK-Valand","Gothenburg, Sweden","MFA Crafts — Jewellery Art","2 years","English","BFA / equivalent 180 ECTS; Home Science equivalence uncertain","SEK646,000 total for 2027 intake; SEK323,000/year","Living costs and materials extra","2027 intake","16 October 2026–15 January 2027","Programme-specific portfolio and assessment","BFA equivalence and substantial funding; scholarship is not assured","https://www.gu.se/en/study-gothenburg/mfa-programme-in-crafts-jewellery-art-k2til-smyk","https://www.gu.se/en/study-gothenburg/mfa-programme-in-crafts-jewellery-art-k2til-smyk","2026-10-01"
"Scholarship dependent / high fee","University of Gothenburg, HDK-Valand","Gothenburg, Sweden","MFA Crafts — Textile Art","2 years","English","BFA / equivalent 180 ECTS; Home Science equivalence uncertain","SEK646,000 total for 2027 intake; SEK323,000/year","Living costs and materials extra","2027 intake","16 October 2026–15 January 2027","Programme-specific portfolio and assessment","BFA equivalence and substantial funding; scholarship is not assured","https://www.gu.se/en/study-gothenburg/mfa-programme-in-crafts-textile-art-k2til-text","https://www.gu.se/en/study-gothenburg/mfa-programme-in-crafts-textile-art-k2til-text","2026-10-01"
"High fee","Oslo National Academy of the Arts (KHiO)","Oslo, Norway","MA Medium- and Material-Based Art","2 years","English accommodated","Relevant BFA/degree with at least 80 relevant credits; exceptional equivalent experience possible","NOK165,000/year","Living costs extra; school states it has no institutional tuition scholarships","2026–27","2027 dates not verified","Portfolio and relevant practice assessment","Degree/experience equivalence; substantial funding; not generally tuition-free for non-EU applicants","https://khio.no/en/study-programmes/makf | https://khio.no/en/study-information/apply-for-admission","https://khio.no/en/study-information/apply-for-admission","2026-10-01"
"Scholarship dependent / high fee","Aalto University","Espoo, Finland","MA Art and Design — Contemporary Design","2 years","English","Relevant bachelor's degree and portfolio assessment; Home Science relevance unconfirmed","€20,000/year","Living costs and materials extra; limited competitive tuition waivers","Current programme page","7 December 2026–5 January 2027","Portfolio up to 14 pages / 30 MB; external websites not assessed","Degree relevance; funding; applicable 2027 scholarship terms","https://www.aalto.fi/en/study-options/contemporary-design-master-of-arts-art-and-design","https://www.aalto.fi/en/study-options/contemporary-design-master-of-arts-art-and-design","2026-10-01"
"High fee","Royal Academy of Fine Arts Antwerp (AP)","Antwerp, Belgium","MA Jewellery Design, Gold and Silversmithing","Usually 1 year / 60 ECTS; bridging may add time","English B2 route","Relevant art degree; preparatory/bridging assessment may apply to eligible related qualifications","New non-EEA entrants: €2,500 + €375/ECTS = €25,000 for 60 ECTS","Materials and living costs extra","2026–27 new-entry fee","2027 dates not verified","Artistic portfolio and admission procedure","Degree equivalence and any bridging; do not use older lower tuition rates","https://www.ap-arts.be/en/education/jewellery-design-gold-and-silversmithing/register","https://www.ap-arts.be/en/education/jewellery-design-gold-and-silversmithing/register","2026-10-01"
